Workbook

Sheet PROFIL CALON KADES
A1: NO URUT | B1: NAMA | C1: VISI DAN MISI | D1: SUARA | E1: PERSEN
A2: 1 | B2: Belum diteteapkan | C2: - | D2: =SUM('INPUT SUARA'!B2:B3) -> 0 | E2: =IF(SUM($D$2:$D$6)=0, 0, D2/SUM($D$2:$D$6)) -> 0
A3: 2 | B3: Belum diteteapkan | C3: - | D3: =SUM('INPUT SUARA'!B3:B4) -> 0 | E3: =IF(SUM($D$2:$D$6)=0, 0, D3/SUM($D$2:$D$6)) -> 0
A4: 3 | B4: Belum diteteapkan | C4: - | D4: =SUM('INPUT SUARA'!B4:B5) -> 0 | E4: =IF(SUM($D$2:$D$6)=0, 0, D4/SUM($D$2:$D$6)) -> 0
A5: 4 | B5: Belum diteteapkan | C5: - | D5: =SUM('INPUT SUARA'!B5:B6) -> 0 | E5: =IF(SUM($D$2:$D$6)=0, 0, D5/SUM($D$2:$D$6)) -> 0
A6: 5 | B6: Belum diteteapkan | C6: - | D6: =SUM('INPUT SUARA'!B6:B7) -> 0 | E6: =IF(SUM($D$2:$D$6)=0, 0, D6/SUM($D$2:$D$6)) -> 0

Sheet DPT AWAL KPU
A2: DP-ID | B2: NKK | C2: NIK | D2: NAMA | E2: TEMPAT LAHIR | F2: TANGGAL LAHIR | G2: USIA | H2: STS KAWIN | I2: L/P | J2: DUSUN/ALAMAT | K2: RT KTP
A3: DP-0002 | B3: 1203063101170001 | C3: 1471046704830042 | D3: CAHAYA PANGARIBUAN | E3: PADANG SIDEMPUAN | F3: 30433 | G3: 43 | H3: S | I3: P | J3: PAYO LEBAR SINGKUT DUSUN DUA | K3: 12
A4: DP-0003 | B4: 1203063101170001 | C4: 1471040506750001 | D4: JHONNY PURBA | E4: SIDIKALANG | F4: 27550 | G4: 51 | H4: S | I4: L | J4: PAYO LEBAR SINGKUT DUSUN DUA | K4: 12
A5: DP-0004 | B5: 1209082503151005 | C5: 1209080911871001 | D5: FUDANI LUBIS | E5: DESA GAJAH | F5: 32090 | G5: 38 | H5: S | I5: L | J5: SUKA JADI | K5: 11
A6: DP-0005 | B6: 1209082503151005 | C6: 1209084107941001 | D6: IDA MARIA BR. HUTAHAEAN | E6: SELAT PANJANG | F6: 34516 | G6: 32 | H6: S | I6: P | J6: SUKA JADI | K6: 11
A7: DP-0006 | B7: 1302110307200002 | C7: 1302113112920001 | D7: DONI ARIANTO | E7: BEKASI | F7: 33969 | G7: 33 | H7: S | I7: L | J7: DUSUN VI REMBEJAYA | K7: 29
A8: DP-0007 | B8: 1302110307200002 | C8: 1503096512920001 | D8: EMI DEVITA | E8: PAYO LEBAR | F8: 33963 | G8: 33 | H8: S | I8: P | J8: DUSUN VI REMBEJAYA | K8: 29
A9: DP-0008 | B9: 1502102205180002 | C9: 1503096212940002 | D9: LUSIA SINTIA LARASATI | E9: PAYO LEBAR | F9: 34690 | G9: 31 | H9: S | I9: P | J9: DUSUN I KARYA MAKMUR | K9: 9
A10: DP-0009 | B10: 1502102205180002 | C10: 1502102112910001 | D10: S. HENDRI HARDIYANTO | E10: BUKIT BERINGIN | F10: 33593 | G10: 34 | H10: S | I10: L | J10: DUSUN I KARYA MAKMUR | K10: 9
A11: DP-0010 | B11: 1503011711150004 | C11: 1502031012760001 | D11: MARKUM. BT | E11: NGAWI | F11: 28095 | G11: 49 | H11: S | I11: L | J11: DUSUN IV RAMBE JAYA | K11: 35
A12: DP-0011 | B12: 1503011711150004 | C12: 1502034505930001 | D12: TITI LESTARI | E12: BADAK TEKURUNG | F12: 34094 | G12: 33 | H12: S | I12: P | J12: DUSUN IV RAMBE JAYA | K12: 35
A13: DP-0012 | B13: 1503022804220003 | C13: 1503020112900003 | D13: ABDULLAH ROZI | E13: SUNGAI BEDURI | F13: 33208 | G13: 35 | H13: S | I13: L | J13: DUSUN IV RAMBE JAYA | K13: 34
A14: DP-0013 | B14: 1503022804220003 | C14: 1503094412970001 | D14: KASTINI | E14: PAYO LEBAR | F14: 35768 | G14: 28 | H14: S | I14: P | J14: DUSUN IV RAMBE JAYA | K14: 34
... A4074: DP-4072 | B4074: 8172042911100003 | C4074: 8172044405730001 | D4074: SITI QOIRIYAH | E4074: SEMARANG | F4074: 26788 | G4074: 53 | H4074: S | I4074: P | J4074: PAYO LEBAR | K4074: 10

Sheet DPS (SEMENTARA)
A1: DP-ID | B1: NKK | C1: NIK | D1: NAMA | E1: TEMPAT LAHIR | F1: TANGGAL LAHIR | G1: USIA | H1: STS KAWIN | I1: L/P | J1: DUSUN/ALAMAT | K1: RT DOMISILI | L1: KODE COKLIT | M1: KETERANGAN COKLIT | N1: TPS
A2: DP-0002 | B2: 1203063101170001 | C2: 1471046704830042 | D2: CAHAYA PANGARIBUAN | E2: PADANG SIDEMPUAN | F2: 30433 | G2: =DATEDIF(F2, DATE(2026, 10, 29), "Y") -> 43 | H2: S | I2: P | J2: PAYO LEBAR SINGKUT DUSUN DUA | K2: 12 | L2: 5 | N2: -
A3: DP-0003 | B3: 1203063101170001 | C3: 1471040506750001 | D3: JHONNY PURBA | E3: SIDIKALANG | F3: 27550 | G3: =DATEDIF(F3, DATE(2026, 10, 29), "Y") -> 51 | H3: S | I3: L | J3: PAYO LEBAR SINGKUT DUSUN DUA | K3: 12 | L3: 5 | N3: -
A4: DP-0004 | B4: 1209082503151005 | C4: 1209080911871001 | D4: FUDANI LUBIS | E4: DESA GAJAH | F4: 32090 | G4: =DATEDIF(F4, DATE(2026, 10, 29), "Y") -> 38 | H4: S | I4: L | J4: SUKA JADI | K4: 11 | L4: 5 | N4: -
A5: DP-0005 | B5: 1209082503151005 | C5: 1209084107941001 | D5: IDA MARIA BR. HUTAHAEAN | E5: SELAT PANJANG | F5: 34516 | G5: =DATEDIF(F5, DATE(2026, 10, 29), "Y") -> 32 | H5: S | I5: P | J5: SUKA JADI | K5: 11 | L5: 5 | N5: -
A6: DP-0006 | B6: 1302110307200002 | C6: 1302113112920001 | D6: DONI ARIANTO | E6: BEKASI | F6: 33969 | G6: =DATEDIF(F6, DATE(2026, 10, 29), "Y") -> 33 | H6: S | I6: L | J6: DUSUN VI REMBEJAYA | K6: 29 | L6: 0 | N6: -
A7: DP-0007 | B7: 1302110307200002 | C7: 1503096512920001 | D7: EMI DEVITA | E7: PAYO LEBAR | F7: 33963 | G7: =DATEDIF(F7, DATE(2026, 10, 29), "Y") -> 33 | H7: S | I7: P | J7: DUSUN VI REMBEJAYA | K7: 29 | L7: 0 | N7: -
A8: DP-0008 | B8: 1502102205180002 | C8: 1503096212940002 | D8: LUSIA SINTIA LARASATI | E8: PAYO LEBAR | F8: 34690 | G8: =DATEDIF(F8, DATE(2026, 10, 29), "Y") -> 31 | H8: S | I8: P | J8: DUSUN I KARYA MAKMUR | K8: 9 | L8: 5 | N8: -
A9: DP-0009 | B9: 1502102205180002 | C9: 1502102112910001 | D9: S. HENDRI HARDIYANTO | E9: BUKIT BERINGIN | F9: 33593 | G9: =DATEDIF(F9, DATE(2026, 10, 29), "Y") -> 34 | H9: S | I9: L | J9: DUSUN I KARYA MAKMUR | K9: 9 | L9: 5 | N9: -
A10: DP-0010 | B10: 1503011711150004 | C10: 1502031012760001 | D10: MARKUM. BT | E10: NGAWI | F10: 28095 | G10: =DATEDIF(F10, DATE(2026, 10, 29), "Y") -> 49 | H10: S | I10: L | J10: DUSUN IV RAMBE JAYA | K10: 35 | L10: 0 | N10: -
A11: DP-0011 | B11: 1503011711150004 | C11: 1502034505930001 | D11: TITI LESTARI | E11: BADAK TEKURUNG | F11: 34094 | G11: =DATEDIF(F11, DATE(2026, 10, 29), "Y") -> 33 | H11: S | I11: P | J11: DUSUN IV RAMBE JAYA | K11: 35 | L11: 0 | N11: -
A12: DP-0012 | B12: 1503022804220003 | C12: 1503020112900003 | D12: ABDULLAH ROZI | E12: SUNGAI BEDURI | F12: 33208 | G12: =DATEDIF(F12, DATE(2026, 10, 29), "Y") -> 35 | H12: S | I12: L | J12: DUSUN IV RAMBE JAYA | K12: 34 | L12: 0 | N12: -
A13: DP-0013 | B13: 1503022804220003 | C13: 1503094412970001 | D13: KASTINI | E13: PAYO LEBAR | F13: 35768 | G13: =DATEDIF(F13, DATE(2026, 10, 29), "Y") -> 28 | H13: S | I13: P | J13: DUSUN IV RAMBE JAYA | K13: 34 | L13: 0 | N13: -
... A29: DP-0029 | B29: 1503032312190010 | C29: 1503056007960002 | D29: NUURUSSA'ADAH AL MUSTAQIMA | E29: PEMATANG KOLIM | F29: 35266 | G29: =DATEDIF(F29, DATE(2026, 10, 29), "Y") -> 30 | H29: S | I29: P | J29: DUSUN I KARYA AGUNG | K29: 22 | L29: 0 | N29: -
A30: DP-0030 | B30: 1503032511190002 | C30: 1503031409930004 | D30: DIDIK SAPUTRA | E30: BERNAI | F30: 34287 | G30: =DATEDIF(F30, DATE(2026, 10, 29), "Y") -> 32 | H30: S | I30: L | J30: DUSUN RAMBE JAYA | K30: 30 | L30: 5 | M30: Lokasi Belum Jelas | N30: -
A31: DP-0031 | B31: 1503032511190002 | C31: 1503090809070002 | D31: SEPTIAN DWI CAHYO | E31: SAROLANGUN | F31: 39333 | G31: =DATEDIF(F31, DATE(2026, 10, 29), "Y") -> 19 | H31: B | I31: L | J31: DUSUN RAMBE JAYA | K31: 30 | L31: 0 | N31: -
A32: DP-0032 | B32: 1503032511190002 | C32: 1503095007790001 | D32: TITIK SUWANTI | E32: SINGKUT | F32: 29046 | G32: =DATEDIF(F32, DATE(2026, 10, 29), "Y") -> 47 | H32: S | I32: P | J32: DUSUN RAMBE JAYA | K32: 30 | L32: 0 | N32: -
A33: DP-0033 | B33: 1503032703140001 | C33: 1503036405890004 | D33: ASNI | E33: BERNAI | F33: 32652 | G33: =DATEDIF(F33, DATE(2026, 10, 29), "Y") -> 37 | H33: S | I33: P | J33: DUSUN II | K33: 11 | L33: 0 | N33: -
A34: DP-0034 | B34: 1503032703140001 | C34: 1503091208890001 | D34: YUDIANTO | E34: PAYO LEBAR | F34: 32732 | G34: =DATEDIF(F34, DATE(2026, 10, 29), "Y") -> 37 | H34: S | I34: L | J34: DUSUN II | K34: 11 | L34: 0 | N34: -
A35: DP-0035 | B35: 1503033108180001 | C35: 1503035511750001 | D35: ALIA MUSNI | E35: PADANG | F35: 27713 | G35: =DATEDIF(F35, DATE(2026, 10, 29), "Y") -> 50 | H35: S | I35: P | J35: DUSUN IV RAMBE JAYA | K35: 29 | L35: 0 | N35: -
A36: DP-0036 | B36: 1503033108180001 | C36: 1503032703780001 | D36: DEDE CANIAGO | E36: CURUP | F36: 28576 | G36: =DATEDIF(F36, DATE(2026, 10, 29), "Y") -> 48 | H36: S | I36: L | J36: DUSUN IV RAMBE JAYA | K36: 29 | L36: 0 | N36: -
A37: DP-0037 | B37: 1503033108180001 | C37: 1503032705810001 | D37: FIRMAN | E37: JAMBI | F37: 29733 | G37: =DATEDIF(F37, DATE(2026, 10, 29), "Y") -> 45 | H37: B | I37: L | J37: DUSUN IV RAMBE JAYA | K37: 29 | L37: 0 | N37: -
A38: DP-0038 | B38: 1503033108180001 | C38: 1503035703010001 | D38: MIFTA NULJANNAH | E38: SAROLANGUN | F38: 37201 | G38: =DATEDIF(F38, DATE(2026, 10, 29), "Y") -> 24 | H38: B | I38: P | J38: DUSUN IV RAMBE JAYA | K38: 29 | L38: 0 | N38: -
A39: DP-0039 | B39: 1503033108180001 | C39: 1503031208040001 | D39: SYIFA NAWAL HANAN | E39: SAROLANGUN | F39: 38211 | G39: =DATEDIF(F39, DATE(2026, 10, 29), "Y") -> 22 | H39: B | I39: P | J39: DUSUN IV RAMBE JAYA | K39: 29 | L39: 0 | N39: -
A40: DP-0040 | B40: 1503033108200014 | C40: 1503032102930001 | D40: FERY APRIYANTO | E40: SINGKUT | F40: 34021 | G40: =DATEDIF(F40, DATE(2026, 10, 29), "Y") -> 33 | H40: S | I40: L | J40: DUSUN KARYA AGUNG | K40: 4 | L40: 5 | N40: -
A41: DP-0041 | B41: 1503033108200014 | C41: 1503095505950003 | D41: PUTRI AZIZAH | E41: LAMPUNG | F41: 34865 | G41: =DATEDIF(F41, DATE(2026, 10, 29), "Y") -> 31 | H41: S | I41: P | J41: DUSUN KARYA AGUNG | K41: 4 | L41: 5 | N41: -
A42: DP-0042 | B42: 1503050102120022 | C42: 1503054807070001 | D42: MARISA HERLINDA | E42: REJO MULYO | F42: 39056 | G42: =DATEDIF(F42, DATE(2026, 10, 29), "Y") -> 19 | H42: B | I42: P | J42: DUSUN I KARYA AGUNG | K42: 10 | L42: 0 | N42: -
... A51: DP-0051 | B51: 1503050401130008 | C51: 1503050904790003 | D51: MARKONI | E51: PENEGAH | F51: 28954 | G51: =DATEDIF(F51, DATE(2026, 10, 29), "Y") -> 47 | H51: S | I51: L | J51: DESA PAYO LEBAR | K51: 25 | L51: 0 | N51: -
A52: DP-0052 | B52: 1503050401130008 | C52: 1604125503880001 | D52: YESY ANGGRIANI | E52: TANJUNG RAYA | F52: 32217 | G52: =DATEDIF(F52, DATE(2026, 10, 29), "Y") -> 38 | H52: S | I52: P | J52: DESA PAYO LEBAR | K52: 25 | L52: u | N52: -
A53: DP-0053 | B53: 1503050502200003 | C53: 1503095907930001 | D53: AJI SARINDAH | E53: PAYO LEBAR | F53: 34038 | G53: =DATEDIF(F53, DATE(2026, 10, 29), "Y") -> 33 | H53: S | I53: P | J53: DUSUN I KARYA AGUNG | K53: 9 | L53: 0 | N53: -
A54: DP-0054 | B54: 1503050502200003 | C54: 1503050803900006 | D54: HERI SETIAWAN | E54: SAROLANGUN | F54: 32940 | G54: =DATEDIF(F54, DATE(2026, 10, 29), "Y") -> 36 | H54: S | I54: L | J54: DUSUN I KARYA AGUNG | K54: 9 | L54: 0 | N54: -
A55: DP-0055 | B55: 1503092812230005 | C55: 1503094511910004 | D55: RISA NOVI YANA YANTI | E55: SARKO | F55: 33547 | G55: =DATEDIF(F55, DATE(2026, 10, 29), "Y") -> 34 | H55: P | I55: P | J55: JLN. MANGKU BUMI | K55: 10 | L55: 0 | N55: -
A56: DP-0056 | B56: 1503050703230001 | C56: 1503056211070001 | D56: ANANDA SELVIA | E56: TSM PEMATANG KOLIM | F56: 39043 | G56: =DATEDIF(F56, DATE(2026, 10, 29), "Y") -> 19 | H56: B | I56: P | J56: DUSUN II SUKA JADI | K56: 16 | L56: 0 | N56: -
A57: DP-0057 | B57: 1503050703230001 | C57: 1503056611790004 | D57: IDA SUSANTI | E57: SAROLANGUN | F57: 29185 | G57: =DATEDIF(F57, DATE(2026, 10, 29), "Y") -> 46 | H57: S | I57: P | J57: DUSUN II SUKA JADI | K57: 16 | L57: 0 | N57: -
A58: DP-0058 | B58: 1503050703230001 | C58: 1503051103730003 | D58: SANTO | E58: MADIUN | F58: 26734 | G58: =DATEDIF(F58, DATE(2026, 10, 29), "Y") -> 53 | H58: S | I58: L | J58: DUSUN II SUKA JADI | K58: 16 | L58: 0 | N58: -
A59: DP-0059 | B59: 1503050707150001 | C59: 1503052308920005 | D59: DENA MASRIADI | E59: PEMATANG KULIM | F59: 33839 | G59: =DATEDIF(F59, DATE(2026, 10, 29), "Y") -> 34 | H59: S | I59: L | J59: DUSUN II SUKAJADI | K59: 11 | L59: 0 | N59: -
A60: DP-0060 | B60: 1503050707150001 | C60: 1503096008960003 | D60: NOVIANA MAYA SARI | E60: SINGKUT | F60: 35297 | G60: =DATEDIF(F60, DATE(2026, 10, 29), "Y") -> 30 | H60: S | I60: P | J60: DUSUN II SUKAJADI | K60: 11 | L60: 0 | N60: -
A61: DP-0061 | B61: 1503050812150002 | C61: 1503051108700001 | D61: MUHAMMAD ALPAN | E61: LUMAJANG | F61: 25791 | G61: =DATEDIF(F61, DATE(2026, 10, 29), "Y") -> 56 | H61: S | I61: L | J61: DUSUN II SUKAJADI | K61: 13 | L61: 8 | M61: KK Pematang Kolim | N61: -
A62: DP-0062 | B62: 1503050812150002 | C62: 1503056201770002 | D62: SUPARIDAH | E62: LAMPUNG | F62: 28298 | G62: =DATEDIF(F62, DATE(2026, 10, 29), "Y") -> 49 | H62: S | I62: P | J62: DUSUN II SUKAJADI | K62: 13 | L62: 8 | M62: KK Pematang Kolim | N62: -
A63: DP-0063 | B63: 1503050909200005 | C63: 1503052708940001 | D63: MUJIANTO | E63: LAMPUNG | F63: 34573 | G63: =DATEDIF(F63, DATE(2026, 10, 29), "Y") -> 32 | H63: S | I63: L | J63: DUSUN IV RAMBE JAYA | K63: 35 | L63: 0 | N63: -
A64: DP-0064 | B64: 1503050909200005 | C64: 1503095505940002 | D64: NOFITA WIDIA ASTUTI | E64: SINGKUT | F64: 34469 | G64: =DATEDIF(F64, DATE(2026, 10, 29), "Y") -> 32 | H64: S | I64: P | J64: DUSUN IV RAMBE JAYA | K64: 35 | L64: 0 | N64: -
A65: DP-0065 | B65: 1503051105210001 | C65: 1503051008860005 | D65: ABDUL RAHMAN | E65: PELAWAN | F65: 31634 | G65: =DATEDIF(F65, DATE(2026, 10, 29), "Y") -> 40 | H65: S | I65: L | J65: DESA PAYOLEBAR | K65: 28 | L65: 0 | N65: -
A66: DP-0066 | B66: 1503051105210001 | C66: 1503096611930001 | D66: NOVALIA | E66: SINGKUT | F66: 34299 | G66: =DATEDIF(F66, DATE(2026, 10, 29), "Y") -> 32 | H66: S | I66: P | J66: DESA PAYOLEBAR | K66: 28 | L66: 0 | N66: -
A67: DP-0067 | B67: 1503051204190003 | C67: 1503095406000001 | D67: DAHLIYA WATI | E67: SINGKUT | F67: 36691 | G67: =DATEDIF(F67, DATE(2026, 10, 29), "Y") -> 26 | H67: S | I67: P | J67: DUSUN III SUKA MULYA | K67: 21 | L67: 0 | N67: -
A68: DP-0068 | B68: 1503051204190003 | C68: 1503051703900004 | D68: MISDI YANTO | E68: MA. BULIAN | F68: 32949 | G68: =DATEDIF(F68, DATE(2026, 10, 29), "Y") -> 36 | H68: S | I68: L | J68: DUSUN III SUKA MULYA | K68: 21 | L68: 0 | N68: -
A69: DP-0069 | B69: 1503051403240004 | C69: 1503090309990001 | D69: MUHAMMAD ABDURROHIM | E69: PAYOLEBAR | F69: 36406 | G69: =DATEDIF(F69, DATE(2026, 10, 29), "Y") -> 27 | H69: S | I69: L | J69: DUSUN II SUKAJADI | K69: 25 | L69: 0 | N69: -
A70: DP-0070 | B70: 1503051403240004 | C70: 1503054910000003 | D70: NURUL ANJUMI | E70: SAROLANGUN | F70: 36808 | G70: =DATEDIF(F70, DATE(2026, 10, 29), "Y") -> 26 | H70: S | I70: P | J70: DUSUN II SUKAJADI | K70: 25 | L70: 0 | N70: -
A71: DP-0071 | B71: 1503051412070067 | C71: 1503050904830001 | D71: MUSTOFA | E71: SINGKUT | F71: 30415 | G71: =DATEDIF(F71, DATE(2026, 10, 29), "Y") -> 43 | H71: P | I71: L | J71: DUSUN I KARYA MAKMUR | K71: 9 | L71: 0 | N71: -
A72: DP-0072 | B72: 1503051501240001 | C72: 1503050912050001 | D72: ALDO SETIAWAN | E72: BATU PUTIH | F72: 29564 | G72: =DATEDIF(F72, DATE(2026, 10, 29), "Y") -> 45 | H72: S | I72: L | J72: DUSUN III SUKA MULYA | K72: 25 | L72: 0 | N72: -
A73: DP-0073 | B73: 1503051501240001 | C73: 1503054512800004 | D73: SRI MULYANI | E73: SINGKUT | F73: 29560 | G73: =DATEDIF(F73, DATE(2026, 10, 29), "Y") -> 45 | H73: S | I73: P | J73: DUSUN SUKA MULYA | K73: 25 | L73: 0 | N73: -
A74: DP-0074 | B74: 1503051503210002 | C74: 1503094604010003 | D74: MITA APRIYANTI | E74: PAYO LEBAR | F74: 36987 | G74: =DATEDIF(F74, DATE(2026, 10, 29), "Y") -> 25 | H74: S | I74: P | J74: DUSUN I KARYA MAKMUR | K74: 36 | L74: 0 | M74: OK | N74: -
A75: DP-0075 | B75: 1503051503210002 | C75: 1503050511980001 | D75: MUHAMAD NUR SIDIQ | E75: PATI | F75: 36104 | G75: =DATEDIF(F75, DATE(2026, 10, 29), "Y") -> 27 | H75: S | I75: L | J75: DUSUN I KARYA MAKMUR | K75: 36 | L75: 0 | M75: OK | N75: -
A76: DP-0076 | B76: 1503051511180003 | C76: 1506054404840005 | D76: ANIK EKA WATI | E76: SINGKUT | F76: 30776 | G76: =DATEDIF(F76, DATE(2026, 10, 29), "Y") -> 42 | H76: S | I76: P | J76: PAYO LEBAR | K76: 20 | L76: 0 | N76: -
A77: DP-0077 | B77: 1503051511180003 | C77: 1506056302030001 | D77: RARA FEBRIA NOSA | E77: PAYO LEBAR | F77: 37674 | G77: =DATEDIF(F77, DATE(2026, 10, 29), "Y") -> 23 | H77: B | I77: P | J77: PAYO LEBAR | K77: 20 | L77: 0 | N77: -
A78: DP-0078 | B78: 1503051511180003 | C78: 1503050404800001 | D78: YUDIONO | E78: SINGKUT | F78: 29315 | G78: =DATEDIF(F78, DATE(2026, 10, 29), "Y") -> 46 | H78: S | I78: L | J78: PAYO LEBAR | K78: 20 | L78: 0 | N78: -
A79: DP-0079 | B79: 1503051611070045 | C79: 1503056112690001 | D79: SUMINI | E79: MEDAN | F79: 25558 | G79: =DATEDIF(F79, DATE(2026, 10, 29), "Y") -> 56 | H79: S | I79: P | J79: DUSUN IV RAMBE JAYA | K79: 32 | L79: 5 | N79: -
A80: DP-0080 | B80: 1503051801100011 | C80: 1503050202040003 | D80: AGUNG SAPUTRA | E80: SUNGAI MERAH | F80: 38019 | G80: =DATEDIF(F80, DATE(2026, 10, 29), "Y") -> 22 | H80: B | I80: L | J80: DUSUN III SUKA MULYA | K80: 31 | L80: 0 | N80: -
A81: DP-0081 | B81: 1503051801100011 | C81: 1503054107800316 | D81: IZATUL AZIZAH | E81: SINGKUT | F81: 29403 | G81: =DATEDIF(F81, DATE(2026, 10, 29), "Y") -> 46 | H81: S | I81: P | J81: DUSUN III SUKA MULYA | K81: 31 | L81: 0 | N81: -
A82: DP-0082 | B82: 1503051801100011 | C82: 1503052210710002 | D82: PARYANTO | E82: MADIUN | F82: 26228 | G82: =DATEDIF(F82, DATE(2026, 10, 29), "Y") -> 55 | H82: S | I82: L | J82: DUSUN III SUKA MULYA | K82: 31 | L82: 5 | M82: Jambi | N82: -
A83: DP-0083 | B83: 1503051902130009 | C83: 1503051207800013 | D83: ATIM | E83: SUBANG | F83: 29414 | G83: =DATEDIF(F83, DATE(2026, 10, 29), "Y") -> 46 | H83: S | I83: L | J83: PAYO LEBAR | K83: 19 | L83: 0 | N83: -
A84: DP-0084 | B84: 1503051902130009 | C84: 1503054312850004 | D84: SUPRIYATUN | E84: SINGKUT | F84: 31384 | G84: =DATEDIF(F84, DATE(2026, 10, 29), "Y") -> 40 | H84: S | I84: P | J84: PAYO LEBAR | K84: 19 | L84: 0 | N84: -
A85: DP-0085 | B85: 1503051902130009 | C85: 1503051205070002 | D85: WENDI | E85: JAMBI | F85: 39214 | G85: =DATEDIF(F85, DATE(2026, 10, 29), "Y") -> 19 | H85: B | I85: L | J85: PAYO LEBAR | K85: 19 | L85: 0 | N85: -
A86: DP-0086 | B86: 1503051904170001 | C86: 1503095108030003 | D86: SHERLY SAVITRI | E86: SAROLANGUN | F86: 37844 | G86: =DATEDIF(F86, DATE(2026, 10, 29), "Y") -> 23 | H86: S | I86: P | J86: DUSUN RAMBE JAYA | K86: 35 | L86: 0 | N86: -
A87: DP-0087 | B87: 1503051904170001 | C87: 1605051209940003 | D87: SUYADI | E87: MEDAN | F87: 34589 | G87: =DATEDIF(F87, DATE(2026, 10, 29), "Y") -> 32 | H87: S | I87: L | J87: DUSUN RAMBE JAYA | K87: 35 | L87: 0 | N87: -
A88: DP-0088 | B88: 1503051912180004 | C88: 1605166704980002 | D88: AFTY SRI PUJI ASTUTI | E88: BUMI MAKMUR | F88: 35182 | G88: =DATEDIF(F88, DATE(2026, 10, 29), "Y") -> 30 | H88: S | I88: P | J88: DUSUN II SUKA JADI | K88: 18 | L88: 0 | N88: -
A89: DP-0089 | B89: 1503051912180004 | C89: 1605162610930001 | D89: CATUR HENDRI PUTRA | E89: PAYO LEBAR | F89: 34268 | G89: =DATEDIF(F89, DATE(2026, 10, 29), "Y") -> 33 | H89: S | I89: L | J89: DUSUN II SUKA JADI | K89: 18 | L89: 0 | N89: -
A90: DP-0090 | B90: 1503052112100025 | C90: 1503051706700001 | D90: MUHAMMAD RIDUAN | E90: PURWODADI | F90: 25736 | G90: =DATEDIF(F90, DATE(2026, 10, 29), "Y") -> 56 | H90: S | I90: L | J90: DUSUN I KARYA MAKMUR | K90: 36 | L90: 0 | M90: OK | N90: -
A91: DP-0091 | B91: 1503052112100025 | C91: 1272054404640004 | D91: SURATIEM | E91: CILACAP | F91: 23471 | G91: =DATEDIF(F91, DATE(2026, 10, 29), "Y") -> 62 | H91: P | I91: P | J91: DUSUN I KARYA MAKMUR | K91: 36 | L91: 0 | M91: OK | N91: -
A92: DP-0092 | B92: 1503052303180001 | C92: 1503052811910002 | D92: HENDRO TRISANTO | E92: BATU PUTIH | F92: 33570 | G92: =DATEDIF(F92, DATE(2026, 10, 29), "Y") -> 34 | H92: S | I92: L | J92: PAYO LEBAR | K92: 28 | L92: 0 | N92: -
A93: DP-0093 | B93: 1503052303180001 | C93: 1503095904910003 | D93: RIANI | E93: PAYO LEBAR | F93: 33347 | G93: =DATEDIF(F93, DATE(2026, 10, 29), "Y") -> 35 | H93: S | I93: P | J93: PAYO LEBAR | K93: 28 | L93: 0 | N93: -
A94: DP-0094 | B94: 1503052304140001 | C94: 1503092611900002 | D94: HERI WAHYUDI | E94: SINGKUT | F94: 33132 | G94: =DATEDIF(F94, DATE(2026, 10, 29), "Y") -> 36 | H94: S | I94: L | J94: DUSUN IV RAMBEJAYA | K94: 31 | L94: 0 | N94: -
A95: DP-0095 | B95: 1503052304140001 | C95: 1503055201960004 | D95: LINDRAWATI NINGSIH | E95: SUNGAI MERAH | F95: 35076 | G95: =DATEDIF(F95, DATE(2026, 10, 29), "Y") -> 30 | H95: S | I95: P | J95: DUSUN IV RAMBEJAYA | K95: 31 | L95: 0 | N95: -
A96: DP-0096 | B96: 1503052403200001 | C96: 1503052103930005 | D96: DADANG HERMAWAN | E96: PEMATANG KOLIM | F96: 34049 | G96: =DATEDIF(F96, DATE(2026, 10, 29), "Y") -> 33 | H96: S | I96: L | J96: DUSUN IV RAMBE JAYA | K96: 28 | L96: 0 | N96: -
A97: DP-0097 | B97: 1503052403200001 | C97: 1503095410900004 | D97: IRNA WATI | E97: PAYO LEBAR | F97: 33160 | G97: =DATEDIF(F97, DATE(2026, 10, 29), "Y") -> 36 | H97: S | I97: P | J97: DUSUN IV RAMBE JAYA | K97: 28 | L97: 0 | N97: -
A98: DP-0098 | B98: 1503052606120004 | C98: 1503051706920002 | D98: ARIFIN | E98: SINGKUT 4 | F98: 33741 | G98: =DATEDIF(F98, DATE(2026, 10, 29), "Y") -> 34 | H98: S | I98: L | J98: DUSUN II SUKA JADI | K98: 12 | L98: 0 | N98: -
A99: DP-0099 | B99: 1503052606120004 | C99: 1503095007820001 | D99: DIAHMA RINI | E99: LAMPUNG | F99: 30142 | G99: =DATEDIF(F99, DATE(2026, 10, 29), "Y") -> 44 | H99: S | I99: P | J99: DUSUN II SUKA JADI | K99: 12 | L99: 0 | N99: -
A100: DP-0100 | B100: 1503052606120004 | C100: 1503096202050002 | D100: FEBY AMALIA PUTRI | E100: SINGKUT | F100: 38405 | G100: =DATEDIF(F100, DATE(2026, 10, 29), "Y") -> 21 | H100: B | I100: P | J100: DUSUN II SUKA JADI | K100: 12 | L100: 0 | N100: -
A101: DP-0101 | B101: 1503052612100007 | C101: 1503051209910001 | D101: EKO BUDIANTO | E101: SINGKUT | F101: 33493 | G101: =DATEDIF(F101, DATE(2026, 10, 29), "Y") -> 35 | H101: S | I101: L | J101: DUSUN III SUKAMULYA | K101: 21 | L101: 0 | N101: -
A102: DP-0102 | B102: 1503052612100007 | C102: 1503054107900250 | D102: SARINA WATI | E102: SINGKUT | F102: 33055 | G102: =DATEDIF(F102, DATE(2026, 10, 29), "Y") -> 36 | H102: S | I102: P | J102: DUSUN III SUKAMULYA | K102: 21 | L102: 0 | N102: -
A103: DP-0103 | B103: 1503052803090020 | C103: 1503052408850001 | D103: FATHUR ROHIM | E103: SUKA JAYA | F103: 31283 | G103: =DATEDIF(F103, DATE(2026, 10, 29), "Y") -> 41 | H103: S | I103: L | J103: DUSUN SUKA MULYA | K103: 26 | L103: 0 | N103: -
... A223: DP-0223 | B223: 1503090109230001 | C223: 1503091510980002 | D223: IRVAN KHOIRUDIN | E223: SINGKUT | F223: 35721 | G223: =DATEDIF(F223, DATE(2026, 10, 29), "Y") -> 29 | H223: P | I223: L | J223: DUSUN IV RAMBE JAYA | K223: 30 | L223: 0 | N223: -
A224: DP-0224 | B224: 1503090110070004 | C224: 1503091707660001 | D224: SARGINEN | E224: JAWA TIMUR | F224: 24305 | G224: =DATEDIF(F224, DATE(2026, 10, 29), "Y") -> 60 | H224: S | I224: L | J224: DESA PAYO LEBAR | K224: 36 | L224: 0 | M224: ok | N224: -
A225: DP-0225 | B225: 1503090110070004 | C225: 1503095707800001 | D225: SUTI MARTINI | E225: SINGKUT | F225: 29419 | G225: =DATEDIF(F225, DATE(2026, 10, 29), "Y") -> 46 | H225: S | I225: P | J225: DESA PAYO LEBAR | K225: 36 | L225: 0 | M225: ok | N225: -
A226: DP-0226 | B226: 1503090110070005 | C226: 1503091707650001 | D226: JAIS | E226: JAWA TIMUR | F226: 23940 | G226: =DATEDIF(F226, DATE(2026, 10, 29), "Y") -> 61 | H226: S | I226: L | J226: DSPAYO LEBAR | K226: 7 | L226: 0 | N226: -
A227: DP-0227 | B227: 1503090110070005 | C227: 1503095707730001 | D227: NITUN | E227: JAWA TIMUR | F227: 26862 | G227: =DATEDIF(F227, DATE(2026, 10, 29), "Y") -> 53 | H227: S | I227: P | J227: DSPAYO LEBAR | K227: 7 | L227: 0 | N227: -
A228: DP-0228 | B228: 1503090110070007 | C228: 1503091707460001 | D228: SARKAM | E228: MADIUN | F228: 17000 | G228: =DATEDIF(F228, DATE(2026, 10, 29), "Y") -> 80 | H228: S | I228: L | J228: DSPAYO LEBAR | K228: 7 | L228: 0 | N228: -
A229: DP-0229 | B229: 1503090110070007 | C229: 1503095707530002 | D229: TUKINEM | E229: MADIUN | F229: 19557 | G229: =DATEDIF(F229, DATE(2026, 10, 29), "Y") -> 73 | H229: S | I229: P | J229: DSPAYO LEBAR | K229: 7 | L229: 0 | N229: -
A230: DP-0230 | B230: 1503090110070013 | C230: 1503095802040001 | D230: AMANDA DWI PRATIKA SARI | E230: SINGKUT | F230: 38035 | G230: =DATEDIF(F230, DATE(2026, 10, 29), "Y") -> 22 | H230: B | I230: P | J230: DSPAYO LEBAR | K230: 7 | L230: 0 | N230: -
A231: DP-0231 | B231: 1503090110070013 | C231: 1503090505790003 | D231: SURATNO | E231: SINGKUT | F231: 28617 | G231: =DATEDIF(F231, DATE(2026, 10, 29), "Y") -> 48 | H231: S | I231: L | J231: DSPAYO LEBAR | K231: 7 | L231: 0 | N231: -
A232: DP-0232 | B232: 1503090110070013 | C232: 1503094207820002 | D232: WIWIN CAHYANI | E232: SINGKUT | F232: 30104 | G232: =DATEDIF(F232, DATE(2026, 10, 29), "Y") -> 44 | H232: S | I232: P | J232: DSPAYO LEBAR | K232: 7 | L232: 0 | N232: -
A233: DP-0233 | B233: 1503090110140001 | C233: 1503095508790008 | D233: FITRAYATI | E233: MUARA INDUNG | F233: 29082 | G233: =DATEDIF(F233, DATE(2026, 10, 29), "Y") -> 47 | H233: P | I233: P | J233: DUSUN A | K233: 17 | L233: 0 | N233: -
A234: DP-0234 | B234: 1503090110140001 | C234: 1503095701060001 | D234: SITI KHUSNUL KHOTIMAH | E234: SINGKUT | F234: 38734 | G234: =DATEDIF(F234, DATE(2026, 10, 29), "Y") -> 20 | H234: B | I234: P | J234: DUSUN A | K234: 17 | L234: 0 | N234: -
A235: DP-0235 | B235: 1503090110150004 | C235: 1503091010880001 | D235: ARIFIN | E235: SINGKUT | F235: 32426 | G235: =DATEDIF(F235, DATE(2026, 10, 29), "Y") -> 38 | H235: S | I235: L | J235: DUSUN II SUKA JADI | K235: 11 | L235: 0 | N235: -
A236: DP-0236 | B236: 1503090110150004 | C236: 1503095008930001 | D236: SRI SURYANI | E236: SINGKUT | F236: 34168 | G236: =DATEDIF(F236, DATE(2026, 10, 29), "Y") -> 33 | H236: S | I236: P | J236: DUSUN II SUKA JADI | K236: 11 | L236: 0 | N236: -
A237: DP-0237 | B237: 1503090112100002 | C237: 1503096812650001 | D237: JUANAH | E237: SALATIGA | F237: 24104 | G237: =DATEDIF(F237, DATE(2026, 10, 29), "Y") -> 60 | H237: P | I237: P | J237: DUSUN I KARYA MAKMUR | K237: 8 | L237: 0 | N237: -
... A320: DP-0320 | B320: 1503090208100005 | C320: 1503090107300013 | D320: SANUDIN | E320: CILACAP | F320: 11307 | G320: =DATEDIF(F320, DATE(2026, 10, 29), "Y") -> 95 | H320: P | I320: L | J320: DUSUN IV RAMBE JAYA | K320: 35 | L320: 0 | N320: -
A321: DP-0321 | B321: 1503090208100006 | C321: 1503094506670003 | D321: WATRI | E321: BREBES | F321: 24628 | G321: =DATEDIF(F321, DATE(2026, 10, 29), "Y") -> 59 | H321: S | I321: P | J321: DUSUN III SUKA MULYA | K321: 22 | L321: 0 | M321: KK Tunggal | N321: -
A322: DP-0322 | B322: 1503090208100010 | C322: 1503096607850003 | D322: MAHENDRA SARI | E322: MIRASI | F322: 31254 | G322: =DATEDIF(F322, DATE(2026, 10, 29), "Y") -> 41 | H322: S | I322: P | J322: JL. BENTENG | K322: 17 | L322: 0 | N322: -
A323: DP-0323 | B323: 1503090208100010 | C323: 1503093007810004 | D323: WAHYUDI PURNOMO | E323: SINGKUT | F323: 29797 | G323: =DATEDIF(F323, DATE(2026, 10, 29), "Y") -> 45 | H323: S | I323: L | J323: JL. BENTENG | K323: 17 | L323: 0 | N323: -
A324: DP-0324 | B324: 1503090208100033 | C324: 1503094911010022 | D324: ARI PRABAWATI | E324: PAYOLEBAR | F324: 37204 | G324: =DATEDIF(F324, DATE(2026, 10, 29), "Y") -> 24 | H324: S | I324: P | J324: DUSUN RAMBE JAYA | K324: 32 | L324: 7 | M324: Pasangan belum ditemukan | N324: -
...

Sheet DPTAM (TAMBAHAN)
A1: DP-ID | B1: NKK | C1: NIK | D1: NAMA | E1: TEMPAT LAHIR | F1: TANGGAL LAHIR | G1: USIA | H1: STS KAWIN | I1: L/P | J1: DUSUN/ALAMAT | K1: RT DOMISILI | L1: KODE COKLIT | M1: KETERANGAN COKLIT | N1: TPS

Sheet DPT (TETAP)
A1: DP-ID | B1: NKK | C1: NIK | D1: NAMA | E1: TEMPAT LAHIR | F1: TANGGAL LAHIR | G1: USIA | H1: STS KAWIN | I1: L/P | J1: DUSUN/ALAMAT | K1: RT DOMISILI | L1: KODE COKLIT | M1: KETERANGAN COKLIT | N1: TPS

Sheet PPS (PANITIA DESA)
A1: NAMA | B1: JABATAN
A2: BADRUN, S.E., M.Pd | B2: KETUA
A3: Ir. SAIKUN SUGONDO | B3: WAKIL KETUA
A4: ADI SETIAWAN, S.Pd | B4: SEKRETARIS
A5: KRIS SUDARTO | B5: ANGGOTA
A6: EKO PURNA IRAWAN | B6: SEKRETARIAT

Sheet PENGAWAS BPD
A1: NAMA | B1: JABATAN
A2: HALIMUN SIRI, S.Pd.I | B2: KETUA
A3: SUKARDI | B3: WAKIL KETUA
A4: TEDDY KARTIWAN | B4: SEKRETARIS
A5: - | B5: ANGGOTA
A6: - | B6: ANGGOTA
A7: - | B7: ANGGOTA
A8: - | B8: ANGGOTA
A9: - | B9: ANGGOTA
A10: - | B10: ANGGOTA

Sheet KPPS TPS 01
A1: NAMA | B1: JABATAN
A2: - | B2: KETUA
A3: - | B3: ANGGOTA
A4: - | B4: ANGGOTA
A5: - | B5: ANGGOTA
A6: - | B6: ANGGOTA
A7: - | B7: ANGGOTA
A8: - | B8: ANGGOTA
A9: - | B9: LINMAS
A10: - | B10: LINMAS

Sheet KPPS TPS 02
A1: NAMA | B1: JABATAN
A2: - | B2: KETUA
A3: - | B3: ANGGOTA
A4: - | B4: ANGGOTA
A5: - | B5: ANGGOTA
A6: - | B6: ANGGOTA
A7: - | B7: ANGGOTA
A8: - | B8: ANGGOTA
A9: - | B9: LINMAS
A10: - | B10: LINMAS

Sheet INPUT SUARA
A1: TPS | B1: NOMOR URUT 01 | C1: NOMOR URUT 02 | D1: NOMOR URUT 03 | E1: NOMOR URUT 04 | F1: NOMOR URUT 05 | G1: SUARA SAH | H1: SUARA TIDAK SAH | I1: TOTAL SUARA MASUK | J1: STATUS
A2: 01 | B2: 0 | C2: 0 | D2: 0 | E2: 0 | F2: 0 | G2: =SUM(B2:F2) -> 0 | H2: 0 | I2: =G2+H2 -> 0 | J2: =IF(I2>0, "Selesai", "Belum Selesai") -> Belum Selesai
A3: 02 | B3: 0 | C3: 0 | D3: 0 | E3: 0 | F3: 0 | G3: =SUM(B3:F3) -> 0 | H3: 0 | I3: =G3+H3 -> 0 | J3: =IF(I3>0, "Selesai", "Belum Selesai") -> Belum Selesai
